Student_ID,Name,Age,Gender,Score,City,Passed
0.0,0.0,0.0,1.0,0.5833333333333334,0.0,1.0
0.2,0.3333333333333333,0.5,0.0,1.0,0.0,1.0
0.4,0.0,0.6666666666666666,0.0,0.6041666666666666,0.6666666666666666,1.0
0.6,1.0,0.3333333333333333,0.0,0.0,1.0,0.0
0.8,0.6666666666666666,0.5,0.0,0.8333333333333334,0.0,1.0
1.0,0.0,1.0,1.0,0.6041666666666666,0.3333333333333333,1.0
