student_id,age,score,name_Amit,name_Neha,name_Priya,name_Rahul,gender_Female,gender_Male,city_Ahmedabad,city_Rajkot,city_Surat,passed_Yes
101.0,-1.6431676725154982,-0.5381382351970481,1.0,0.0,0.0,0.0,0.0,1.0,1.0,0.0,0.0,1.0
102.0,0.0,1.4798801467918894,0.0,1.0,0.0,0.0,1.0,0.0,1.0,0.0,0.0,1.0
103.0,0.5477225575051661,0.06726727939963316,1.0,0.0,0.0,0.0,1.0,0.0,0.0,0.0,1.0,1.0
104.0,-0.5477225575051661,-1.7489492643904105,0.0,0.0,0.0,1.0,1.0,0.0,0.0,0.0,0.0,0.0
105.0,0.0,0.6726727939963144,0.0,0.0,1.0,0.0,1.0,0.0,1.0,0.0,0.0,1.0
106.0,1.6431676725154982,0.06726727939963316,1.0,0.0,0.0,0.0,0.0,1.0,0.0,1.0,0.0,1.0
